id,entity_id,last_name,first_name
1,16,Schneider,Leslie
2,17,Bowen,Sharon
3,18,Lynch,Sean
4,19,Kim,Jessica
5,20,Elliott,Kathy
6,21,Dean,Julie
7,22,Hampton,Bradley
8,23,Flores,Debra
9,24,Harrison,Douglas
10,25,Morris,Daryl
11,26,Wheeler,Cheryl
12,27,Hayes,Susan
13,28,Parker,Kimberly
14,29,Martin,Benjamin
15,30,Clark,Leah
16,31,Carpenter,Robert
17,32,Bauer,Ryan
18,33,Oneill,Lisa
19,34,Neal,Laura
20,35,Stevens,Wayne
21,36,Cohen,Erin
22,37,Wilson,Jonathan
23,38,Williams,Kimberly
24,39,Henderson,Alexandra
25,40,Foster,Jessica
26,41,Kim,Rhonda
27,42,Reynolds,Jason
28,43,Stevenson,Amanda
29,44,Lee,William
30,45,Nguyen,Brandy
31,46,West,Corey
32,47,Pruitt,Melinda
33,48,Brown,Sarah
34,49,Hill,Brittany
35,50,Jones,Sheena
36,51,Stewart,Linda
37,52,Miller,Lisa
38,53,Taylor,Jennifer
39,54,Ramirez,Connie
40,55,Wright,Kaitlyn
41,56,Parks,Cheryl
42,57,Moore,Gary
43,58,Ball,Jessica
44,59,Price,Katherine
45,60,Barker,Heather
46,61,Torres,Daniel
47,62,Cook,Mindy
48,63,Hall,Jacqueline
49,64,Edwards,Brian
50,65,Craig,Heather
51,66,Reed,Michelle
52,67,Burton,Emily
53,68,Chavez,Kimberly
54,69,Johnson,Brittney
55,70,Silva,Theresa
56,71,Ross,Pamela
57,72,Miller,Courtney
58,73,Hobbs,Zachary
59,74,Martinez,Rachel
60,75,Cooper,Joshua
61,76,Thornton,Kaitlyn
62,77,Gonzales,Julia
63,78,Thompson,Angela
64,79,Walsh,Johnny
65,80,James,Kristine
66,81,Roberts,Ronald
67,82,Parks,Latoya
68,83,Sloan,Nicole
69,84,Anderson,Tamara
70,85,Hays,Julie
71,86,Bradford,Antonio
72,87,Parker,Lucas
73,88,Bryant,Lori
74,89,Mahoney,Lauren
75,90,Hamilton,Larry
76,91,Henderson,Jennifer
77,92,Hudson,Christopher
78,93,Brown,Lisa
79,94,Barber,Lauren
80,95,Edwards,Scott
81,96,Butler,Steven
82,97,Ortiz,Stacy
83,98,Wood,Maria
84,99,Brown,Javier
85,100,Kelley,Joshua
86,101,Barnett,Brenda
87,102,Oconnor,Denise
88,103,Gregory,Steven
89,104,Wright,Brianna
90,105,Vazquez,Kevin
91,106,Curry,Michelle
92,107,Dawson,Robin
93,108,Jones,Deborah
94,109,Bailey,Jessica
95,110,Hart,Rachel
96,111,Larson,Jason
97,112,Wagner,Sheila
98,113,Johnson,Timothy
99,114,Small,Kathryn
100,115,Turner,Ashley
101,116,Vasquez,Shannon
102,117,Lewis,David
103,118,Davis,Jamie
104,119,King,Tamara
105,120,Rowe,Gina
106,121,Hanson,Kyle
107,122,Rivera,William
108,123,King,Joseph
109,124,Garrett,James
110,125,Foster,Pamela
111,126,Lewis,Luke
112,127,Harris,Travis
113,128,Burns,Shelby
114,129,Smith,Richard
115,130,Simmons,Melissa
116,131,Garcia,Joshua
117,132,Hooper,Kathleen
118,133,Petty,Richard
119,134,Bruce,Jacob
120,135,Manning,Christopher
121,136,Gillespie,Lori
122,137,Gill,Michele
123,138,Wise,Patrick
124,139,Cox,John
125,140,Ellis,Jennifer
126,141,Cain,Alexandra
127,142,Brown,Kara
128,143,Brown,Jeremy
129,144,Cole,Karen
130,145,Dodson,Angela
131,146,Watts,Ryan
132,147,Campbell,Geoffrey
133,148,Hall,Justin
134,149,Walters,Sherri
135,150,Cook,Jeffrey
136,151,Golden,Brandy
137,152,Davis,Rebecca
138,153,Sanford,Patricia
139,154,Chung,Kristina
140,155,Baker,William
141,156,Roberts,Matthew
142,157,Lawson,Nicole
143,158,Norris,Benjamin
144,159,Baker,Ashley
145,160,Macias,Lisa
146,161,Mcdaniel,Charles
147,162,Johnson,Brandon
148,163,Powell,Donna
149,164,Thompson,James
150,165,Price,Joseph
151,166,Cruz,Jerry
152,167,Miller,Evelyn
153,168,Edwards,Gina
154,169,Gardner,Thomas
155,170,Oneill,Autumn
156,171,Joyce,Carolyn
157,172,Gibson,Margaret
158,173,Cabrera,Eric
159,174,Burgess,Marissa
160,175,Dudley,Jessica
161,176,Rosario,Lisa
162,177,Morgan,Adam
163,178,Smith,Mary
164,179,Patel,Donna
165,180,Reynolds,Jessica
166,181,Davis,Shannon
167,182,Vargas,Steven
168,183,Wyatt,Christopher
169,184,Bullock,Shari
170,185,Finley,Emily
171,186,Moore,Ronald
172,187,Bentley,Donna
173,188,Kent,Linda
174,189,Sellers,Linda
175,190,Aguilar,Joseph
176,191,Clark,Barbara
177,192,Bridges,Robert
178,193,Nunez,Ernest
179,194,Adams,Laura
180,195,Edwards,Jeffery
181,196,Rodriguez,George
182,197,Clark,Larry
183,198,Suarez,Ronald
184,199,Todd,Austin
185,200,Powers,Linda
186,201,Sparks,Thomas
187,202,Meadows,Sharon
188,203,Hensley,Vicki
189,204,Powell,Ashley
190,205,Norman,William
191,206,Massey,Garrett
192,207,Cantrell,Brian
193,208,Keller,Kathy
194,209,Horn,Felicia
195,210,Hill,William
196,211,Rice,Bonnie
197,212,Crane,Kathryn
198,213,Jordan,Christopher
199,214,Robinson,William
200,215,Sanchez,Erica
201,216,White,Gregory
202,217,Moore,Allison
203,218,Williams,Holly
204,219,Ortega,Linda
205,220,House,Cynthia
206,221,Anderson,Sarah
207,222,Smith,Ronald
208,223,Gill,Gregory
209,224,Hart,Jill
210,225,Day,Joseph
211,226,Walters,Monique
212,227,Bowen,Hunter
213,228,Marshall,Eric
214,229,Benson,Ryan
215,230,Jensen,Scott
216,231,Galvan,Taylor
217,232,Atkinson,Jennifer
218,233,Garcia,Tina
219,234,Gonzalez,Sheila
220,235,Hughes,Stephanie
221,236,Rogers,Margaret
222,237,Moore,Michael
223,238,Hardy,Angel
224,239,Baldwin,Kathy
225,240,Gordon,Joseph
226,241,Gonzalez,Tonya
227,242,Perez,Jesus
228,243,Johnson,Karen
229,244,Bennett,Molly
230,245,Phillips,Edward
231,246,Miles,Jessica
232,247,Dunn,Nicholas
233,248,Ruiz,Carla
234,249,Rodriguez,Shelly
235,250,Wright,Samantha
236,251,Owens,Patricia
237,252,Oconnell,Elizabeth
238,253,Mitchell,Benjamin
239,254,Smith,Dawn
240,255,George,Robert
241,256,Dillon,Danny
242,257,Fischer,Stephen
243,258,Davis,Jasmine
244,259,Wallace,Gail
245,260,Sullivan,Sandra
246,261,Carrillo,Noah
247,262,Riley,Suzanne
248,263,Peterson,Brandon
249,264,Vargas,Teresa
250,265,Holt,Ryan
251,266,Mcconnell,Travis
252,267,Norton,Adam
253,268,Lopez,Daniel
254,269,Ward,David
255,270,Sanders,Amy
256,271,Mcintyre,Emily
257,272,Fox,David
258,273,Rollins,Jake
259,274,Nguyen,Melanie
260,275,Wilson,David
261,276,Scott,Elizabeth
262,277,Nichols,Shawn
263,278,Murphy,Lance
264,279,Garrett,Richard
265,280,Moore,Randy
266,281,Carrillo,Laura
267,282,Gentry,Stephen
268,283,Irwin,Shannon
269,284,Kline,Kevin
270,285,Watkins,Kelly
271,286,Vega,Alison
272,287,Martinez,Roger
273,288,Brown,Bob
274,289,Walker,Adam
275,290,Avila,Brandy
276,291,Lee,Suzanne
277,292,Jackson,Anthony
278,293,King,Jonathan
279,294,Wagner,Robin
280,295,Tyler,Robert
281,296,Cruz,Melissa
282,297,Collins,Carolyn
283,298,Norris,Katherine
284,299,Simmons,Christian
285,300,Schroeder,Eric
286,301,Riddle,Mark
287,302,Ibarra,Marissa
288,303,Vega,William
289,304,Carr,Sarah
290,305,Dixon,Carl
291,306,Medina,Diana
292,307,Cervantes,Karen
293,308,Cantu,Phillip
294,309,Evans,Jacob
295,310,Chapman,Shelia
296,311,Williams,Rose
297,312,Espinoza,Autumn
298,313,Merritt,Dylan
299,314,Dominguez,Mary
300,315,Chung,Wyatt
