id,capacity,address
1,1060,8168 Lewis Ports Suite 707
2,6840,38792 Barber Ferry
3,7787,344 Waters Field
4,4812,170 Jerry Loaf
5,9108,489 Arthur Hollow
6,3151,06121 Sandra Haven Suite 675
7,5304,4233 Kristy Stream
8,6702,10264 Waters Isle Apt. 818
9,4648,9141 Morton Lock
10,5019,565 Wolf Manors Suite 147
11,1985,64808 Hoffman Radial
12,9252,448 Ryan Stravenue Apt. 743
13,6046,18053 Benjamin Streets
14,2401,7201 Angelica Plaza Apt. 632
15,6693,3134 Michael Isle
16,9418,29696 Kelly Wall
17,6957,40684 Nicholas Meadows Suite 671
18,5323,80171 Shelly Landing
19,3749,31243 Lewis Lock Apt. 092
20,4476,349 Andrea Lane Suite 288
21,5902,941 Michelle Grove Apt. 552
22,2879,5290 John Ford Apt. 178
23,8277,486 Tim Corners
24,4649,68687 Ashley Ways
25,3151,50838 Michael Court Apt. 748
26,1300,622 Cheyenne Divide
27,6203,45361 Scott Trail Suite 705
28,1308,344 Paul Land Suite 688
29,1991,31443 Hicks Brooks
30,9745,78193 William Drive
31,2397,427 Hendrix Bridge Suite 046
32,2785,928 Jerry Stream
33,4431,8250 Alexander Pass
34,4819,7929 Johnson Springs
35,4121,57938 Koch Land
36,4998,32776 Tiffany Branch
37,4289,41271 Lori Club Suite 132
38,4845,0686 Taylor Locks
39,1583,9873 Kathleen Parkways
40,5736,1304 Steven Tunnel Suite 948
41,7289,74028 Reeves Lodge Suite 015
42,3922,32508 Desiree Fall Suite 665
43,4849,509 Greene Shore Suite 340
44,4182,13115 Christopher Dam Apt. 544
45,9570,6784 Jennifer Street Apt. 182
46,8368,88303 Figueroa Loop Suite 290
47,2537,0469 Linda Ridges
48,2684,68440 Michaela Forest Apt. 675
49,8472,15338 Roberts Mountains Apt. 510
50,3401,446 Maria Meadow Apt. 536
51,3661,63488 Martin Route
52,7611,380 Lam Crescent Suite 304
53,6704,72420 King Crossroad
54,2139,47009 Smith Throughway
55,1844,62878 Deborah Rapid
56,2111,17451 Kevin Viaduct Suite 562
57,7406,8992 Robin Island
58,7571,44623 Case Locks Apt. 693
59,5787,9819 Smith Parkway Apt. 717
60,2788,39383 Gamble Dale Apt. 065
61,2211,69949 Jose Lodge Apt. 003
62,5723,636 Danielle Burg Apt. 532
63,9483,41499 Jones Pass
64,7241,50872 Johnson Cove Suite 711
65,4317,477 Becker Stravenue
66,7587,73988 Reed Spur Suite 210
67,8407,8977 Johnson Vista Apt. 768
68,6368,6584 Elizabeth Inlet
69,4550,94729 Ross Courts Apt. 690
70,7322,1788 Monica Shores
71,9208,494 Karen Manor Suite 135
72,6896,10674 Mcmahon Underpass Suite 393
73,8993,93364 Ryan Trail Apt. 831
74,9204,9941 Duncan Inlet
75,4449,50449 Blake Mall
76,9652,33172 Jones Expressway Suite 184
77,9929,66497 Marc Squares Suite 289
78,3761,057 Javier Views
79,2996,7323 William Knoll Suite 428
80,1969,9637 Lynn Highway
81,3872,952 Shah Roads
82,1459,5311 Natalie Grove
83,4051,45915 Richard Port Suite 358
84,3566,0235 Patterson Way
85,6006,914 Daniel Club Suite 848
86,5888,40901 Hall Lakes Apt. 934
87,1815,565 Melissa Causeway Apt. 074
88,9558,7893 Ward Island Suite 776
89,1247,607 William Land
90,9281,0467 Douglas Burg Suite 403
91,8549,789 Rachel Club Suite 677
92,8268,437 Graham Club Apt. 879
93,8995,4321 Hughes Square Suite 700
94,1193,30664 Stacy Estates Apt. 657
95,5960,32685 Clark Curve Suite 735
96,1877,28742 Paula Grove
97,6198,445 Walters Ville
98,6651,6413 Alan Forest Suite 905
99,2927,6230 Elizabeth Wall Suite 686
100,7364,26619 Kevin Gateway
