id,name,brand_id
1,gas,12
2,experience,3
3,red,11
4,personal,9
5,person,7
6,majority,12
7,window,7
8,may,1
9,away,11
10,be,8
11,police,4
12,think,6
13,explain,13
14,material,6
15,board,6
16,land,11
17,politics,2
18,size,9
19,low,11
20,friend,7
21,energy,2
22,party,7
23,dinner,4
24,develop,1
25,stop,10
26,once,11
27,fight,4
28,maybe,6
29,and,13
30,important,6
31,worker,13
32,threat,7
33,worry,7
34,enter,11
35,offer,8
36,environmental,7
37,current,3
38,physical,12
39,while,9
40,purpose,3
41,ago,13
42,alone,13
43,keep,5
44,cell,3
45,it,8
46,book,12
47,education,7
48,create,1
49,down,2
50,skin,1
51,drop,3
52,job,9
53,wish,11
54,blood,4
55,white,7
56,chance,7
57,explain,5
58,entire,10
59,common,2
60,rise,1
61,cut,9
62,involve,3
63,money,11
64,apply,7
65,hold,6
66,cup,10
67,coach,4
68,will,11
69,not,10
70,rate,10
71,available,10
72,impact,7
73,force,3
74,look,12
75,read,9
76,manager,6
77,hotel,8
78,hot,10
79,opportunity,1
80,month,1
81,interesting,2
82,top,2
83,writer,8
84,president,13
85,out,11
86,continue,4
87,court,2
88,computer,1
89,nation,5
90,stock,11
91,development,9
92,force,2
93,here,3
94,reason,2
95,yard,3
96,sport,3
97,necessary,8
98,American,12
99,several,11
100,way,7
101,central,10
102,apply,12
103,analysis,4
104,reason,11
105,once,6
106,clearly,9
107,appear,13
108,win,2
109,memory,6
110,stuff,13
111,hope,11
112,compare,6
113,son,12
114,head,7
115,technology,1
116,serious,11
117,role,4
118,should,9
119,candidate,9
120,nature,5
121,mean,10
122,simply,2
123,degree,5
124,give,3
125,team,2
126,nothing,12
127,clearly,4
128,series,1
129,policy,11
130,interesting,5
131,weight,6
132,people,8
133,owner,3
134,week,7
135,well,13
136,bed,5
137,like,1
138,indicate,9
139,office,5
140,sit,5
141,response,13
142,participant,12
143,when,5
144,arm,1
145,actually,1
146,other,13
147,radio,3
148,rather,8
149,dinner,13
150,term,13
151,policy,12
152,economic,7
153,kitchen,12
154,discussion,3
155,leg,13
156,finally,5
157,themselves,3
158,section,11
159,talk,4
160,study,12
161,arm,6
162,begin,1
163,south,12
164,floor,3
165,truth,9
166,unit,9
167,between,3
168,listen,6
169,middle,4
170,reason,3
171,create,4
172,go,1
173,perhaps,10
174,culture,11
175,hope,13
176,yourself,6
177,describe,4
178,admit,13
179,upon,5
180,travel,9
181,piece,9
182,camera,3
183,these,9
184,rule,2
185,technology,3
186,unit,8
187,rock,11
188,you,12
189,well,10
190,these,9
191,everyone,11
192,himself,4
193,truth,4
194,remember,4
195,this,10
196,speak,4
197,product,7
198,sound,3
199,author,5
200,significant,5
